{"cameras": {"Camera0000": {"frame": 0, "pose": [-0.18208920158621636, 0.42074653136401896, -0.8887158595472688, -0.9832820158355777, -0.07791587906765143, 0.16457701274308542, 1.2981591623883977e-07, 0.9038260187305196, 0.4279001377257565, -2.700000047683716, 0.0, 1.7999999523162842]}, "Camera0001": {"frame": 1, "pose": [-0.19124782649002225, 0.41934210656659765, -0.8874550504240374, -0.9815417815166003, -0.0817066487797209, 0.17291545530231217, -2.4682839239176e-07, 0.9041439162022137, 0.42722801733320753, -2.700411081314087, 0.0523359552025795, 1.7999999523162842]}, "Camera0002": {"frame": 2, "pose": [-0.2002510802233941, 0.41779170258265586, -0.8861995250068968, -0.9797446120644716, -0.08539286741380317, 0.18113131514314862, 4.2003602374052194e-08, 0.9045209513593007, 0.42642918351358644, -2.701643466949463, 0.10452846437692642, 1.7999999523162842]}}, "environment": {"name": "bunny_scene", "width": 0.024, "resolution_x": 640, "resolution_y": 480, "lens": 0.035, "max_depth": 20.0, "min_depth": 1.0}}