{"cameras": {"Camera0000": {"frame": 0, "pose": [-0.22162050008773804, -0.3258945047855377, 0.9190632104873657, -0.9751330018043518, 0.07406647503376007, -0.20887747406959534, 2.4980255375339766e-07, -0.9425003528594971, -0.33420512080192566, -2.200000047683716, 0.0, 1.2999999523162842]}, "Camera0001": {"frame": 1, "pose": [-0.2647511065006256, -0.3183022141456604, 0.9102694988250732, -0.9643167853355408, 0.08738917112350464, -0.2499125450849533, 1.679666539189384e-08, -0.9439527988433838, -0.3300805389881134, -2.201643466949463, 0.15679270029067993, 1.298356533050537]}, "Camera0002": {"frame": 2, "pose": [-0.3052618205547333, -0.30849236249923706, 0.9009149074554443, -0.9522684812545776, 0.09889126569032669, -0.2887997627258301, -9.339123607787769e-08, -0.9460723996162415, -0.3239552974700928, -2.2065556049346924, 0.31186753511428833, 1.293444275856018]}, "Camera0003": {"frame": 3, "pose": [-0.3423991799354553, -0.2969755232334137, 0.8913856148719788, -0.9395545721054077, 0.10822608321905136, -0.3248450458049774, -1.4730103714555298e-07, -0.9487321376800537, -0.3160812258720398, -2.2146830558776855, 0.4635255038738251, 1.2853169441223145]}, "Camera0004": {"frame": 4, "pose": [-0.3756287693977356, -0.28428229689598083, 0.8820921778678894, -0.9267702102661133, 0.1152220293879509, -0.3575204312801361, 2.770423179754289e-07, -0.9517917037010193, -0.30674508213996887, -2.2259364128112793, 0.6101049780845642, 1.2740635871887207]}, "Camera0005": {"frame": 5, "pose": [-0.4046175479888916, -0.27091121673583984, 0.8734367489814758, -0.9144859910011292, 0.11986555904150009, -0.3864551782608032, 6.185657497326247e-08, -0.9551122188568115, -0.29624423384666443, -2.240192413330078, 0.75, 1.2598075866699219]}, "Camera0006": {"frame": 6, "pose": [-0.42920228838920593, -0.25729233026504517, 0.8657863736152649, -0.9032083749771118, 0.1222645565867424, -0.41141948103904724, 8.954985020181994e-08, -0.9585676789283752, -0.2848648130893707, -2.2572948932647705, 0.8816778659820557, 1.2427051067352295]}, "Camera0007": {"frame": 7, "pose": [-0.4493468701839447, -0.24376952648162842, 0.8594555258750916, -0.8933573961257935, 0.1226128339767456, -0.43229469656944275, -7.308447624865266e-09, -0.9620512127876282, -0.2728689908981323, -2.2770564556121826, 1.0036959648132324, 1.2229434251785278]}}, "environment": {"name": "bunny_scene", "width": 0.024, "resolution_x": 640, "resolution_y": 480, "lens": 0.035, "max_depth": 20.0, "min_depth": 1.0}}