{"cameras": {"Camera0000": {"frame": 0, "pose": [-0.2216206043958664, 0.32589447498321533, -0.919063150882721, -0.975132942199707, -0.07406642287969589, 0.20887762308120728, 3.3752999684111273e-07, 0.9425003528594971, 0.33420509099960327, -2.200000047683716, 0.0, 1.2999999523162842]}, "Camera0001": {"frame": 1, "pose": [-0.2647511661052704, 0.31830212473869324, -0.9102694988250732, -0.9643167853355408, -0.08738920837640762, 0.24991260468959808, -2.051645786593781e-08, 0.9439527988433838, 0.33008044958114624, -2.201643466949463, 0.15679270029067993, 1.298356533050537]}, "Camera0002": {"frame": 2, "pose": [-0.3052618205547333, 0.30849236249923706, -0.9009149074554443, -0.9522684812545776, -0.09889136999845505, 0.2887997031211853, -1.975393502107181e-07, 0.9460723996162415, 0.32395532727241516, -2.2065556049346924, 0.31186753511428833, 1.293444275856018]}, "Camera0003": {"frame": 3, "pose": [-0.3423991799354553, 0.2969754636287689, -0.8913856744766235, -0.9395545721054077, -0.1082262322306633, 0.32484501600265503, -3.1353869189842953e-07, 0.9487321376800537, 0.3160812258720398, -2.2146830558776855, 0.4635255038738251, 1.2853169441223145]}, "Camera0004": {"frame": 4, "pose": [-0.375628799200058, 0.2842823565006256, -0.8820921182632446, -0.9267702102661133, -0.11522213369607925, 0.3575204312801361, 2.1791369420043338e-07, 0.9517917037010193, 0.30674517154693604, -2.2259364128112793, 0.6101049780845642, 1.2740635871887207]}, "Camera0005": {"frame": 5, "pose": [-0.4046175479888916, 0.27091118693351746, -0.8734367489814758, -0.9144859910011292, -0.11986551433801651, 0.3864552080631256, 8.671613471733508e-08, 0.9551122188568115, 0.29624417424201965, -2.240192413330078, 0.75, 1.2598075866699219]}, "Camera0006": {"frame": 6, "pose": [-0.42920225858688354, 0.2572924494743347, -0.8657863736152649, -0.9032083749771118, -0.12226454168558121, 0.41141945123672485, 1.412508225939746e-07, 0.9585676789283752, 0.2848649024963379, -2.2572948932647705, 0.8816778659820557, 1.2427051067352295]}, "Camera0007": {"frame": 7, "pose": [-0.44934675097465515, 0.24376952648162842, -0.8594555854797363, -0.8933574557304382, -0.12261273711919785, 0.4322946071624756, 4.592751423615482e-08, 0.9620512127876282, 0.27286896109580994, -2.2770564556121826, 1.0036959648132324, 1.2229434251785278]}, "Camera0008": {"frame": 8, "pose": [-0.46509605646133423, 0.2305961400270462, -0.854699432849884, -0.8852602243423462, -0.12115004658699036, 0.44904008507728577, 3.798498582341381e-08, 0.9654781818389893, 0.2604840099811554, -2.2992608547210693, 1.1147172451019287, 1.2007391452789307]}, "Camera0009": {"frame": 9, "pose": [-0.47654151916503906, 0.21794360876083374, -0.8517093062400818, -0.8791519403457642, -0.11813553422689438, 0.4616663455963135, 9.173542281359914e-08, 0.9687851071357727, 0.2479020357131958, -2.323664426803589, 1.2135255336761475, 1.1763355731964111]}, "Camera0010": {"frame": 10, "pose": [-0.4837867021560669, 0.20591118931770325, -0.8506180047988892, -0.8751859068870544, -0.11382393538951874, 0.47020602226257324, -7.1851373739661994e-09, 0.9719283580780029, 0.23527708649635315, -2.3499999046325684, 1.299038052558899, 1.149999976158142]}, "Camera0011": {"frame": 11, "pose": [-0.48692768812179565, 0.19454319775104523, -0.8515012264251709, -0.8734422922134399, -0.10845429450273514, 0.47469595074653625, -9.85311956469559e-08, 0.974879801273346, 0.22273164987564087, -2.377979040145874, 1.3703181743621826, 1.122020959854126]}, "Camera0012": {"frame": 12, "pose": [-0.486035019159317, 0.18384131789207458, -0.854384183883667, -0.8739393353462219, -0.10224216431379318, 0.47515952587127686, -1.3263276343877806e-07, 0.9776241183280945, 0.21035942435264587, -2.407294988632202, 1.4265847206115723, 1.0927051305770874]}, "Camera0013": {"frame": 13, "pose": [-0.48114728927612305, 0.17377808690071106, -0.8592429757118225, -0.8766397833824158, -0.09537859261035919, 0.4715990126132965, 1.9050877142490208e-07, 0.9801551699638367, 0.19823192059993744, -2.437626600265503, 1.4672213792800903, 1.0623735189437866]}, "Camera0014": {"frame": 14, "pose": [-0.4722674489021301, 0.16430485248565674, -0.8660065531730652, -0.8814553022384644, -0.08803188055753708, 0.4639902412891388, -3.360937341767567e-07, 0.9824735522270203, 0.18640197813510895, -2.468641519546509, 1.491782784461975, 1.0313584804534912]}, "Camera0015": {"frame": 15, "pose": [-0.45936375856399536, 0.15536430478096008, -0.874555230140686, -0.8882482051849365, -0.08034747838973999, 0.4522823989391327, 2.3064725951371656e-07, 0.9845842719078064, 0.1749107986688614, -2.5, 1.5, 1.0]}, "Camera0016": {"frame": 16, "pose": [-0.442376971244812, 0.14689281582832336, -0.8847175240516663, -0.8968291878700256, -0.0724574625492096, 0.43640267848968506, 3.149999017182381e-08, 0.9864950180053711, 0.16379128396511078, -2.531358480453491, 1.491782784461975, 0.968641459941864]}, "Camera0017": {"frame": 17, "pose": [-0.42122822999954224, 0.13882990181446075, -0.8962661623954773, -0.9069546461105347, -0.06447875499725342, 0.41626399755477905, -2.3302699503346957e-07, 0.988214910030365, 0.15307269990444183, -2.562373399734497, 1.4672213792800903, 0.9376264810562134]}, "Camera0018": {"frame": 18, "pose": [-0.3958359658718109, 0.1311209499835968, -0.9089120626449585, -0.9183212518692017, -0.056518834084272385, 0.39178022742271423, -5.611272513306176e-08, 0.9897539615631104, 0.14278334379196167, -2.592705011367798, 1.4265847206115723, 0.9072949290275574]}, "Camera0019": {"frame": 19, "pose": [-0.36613425612449646, 0.12372247874736786, -0.9223006367683411, -0.9305620193481445, -0.04867935553193092, 0.3628837466239929, -1.199797878825848e-07, 0.9911221265792847, 0.13295462727546692, -2.622020959854126, 1.3703181743621826, 0.8779789805412292]}, "Camera0020": {"frame": 20, "pose": [-0.3320977985858917, 0.1166074350476265, -0.9360094666481018, -0.9432449340820312, -0.041055019944906235, 0.3295503556728363, 1.3472475757225766e-07, 0.9923291802406311, 0.12362365424633026, -2.6500000953674316, 1.299038052558899, 0.8500000238418579]}, "Camera0021": {"frame": 21, "pose": [-0.2937697470188141, 0.10976756364107132, -0.9495527148246765, -0.9558762311935425, -0.03373494744300842, 0.29182636737823486, -4.350536286779061e-08, 0.9933846592903137, 0.1148345097899437, -2.676335573196411, 1.2135255336761475, 0.8236644268035889]}, "Camera0022": {"frame": 22, "pose": [-0.25129106640815735, 0.10321775078773499, -0.962392270565033, -0.9679115414619446, -0.026797562837600708, 0.24985812604427338, 2.638022778000959e-08, 0.9942977428436279, 0.10663963854312897, -2.7007391452789307, 1.1147172451019287, 0.7992607951164246]}, "Camera0023": {"frame": 23, "pose": [-0.20493099093437195, 0.0969960168004036, -0.973958432674408, -0.9787763953208923, -0.02030841074883938, 0.20392224192619324, 9.684766411055534e-08, 0.9950775504112244, 0.09909924119710922, -2.7229435443878174, 1.0036959648132324, 0.7770565748214722]}, "Camera0024": {"frame": 24, "pose": [-0.15510596334934235, 0.0911630317568779, -0.9836825728416443, -0.9878978133201599, -0.014313101768493652, 0.1544441431760788, 4.773946926661665e-08, 0.9957331418991089, 0.092279814183712, -2.7427051067352295, 0.8816778659820557, 0.7572948932647705]}, "Camera0025": {"frame": 25, "pose": [-0.10239166021347046, 0.08579891175031662, -0.9910370707511902, -0.9947441816329956, -0.008831251412630081, 0.1020101010799408, 2.5863613473120495e-07, 0.9962733387947083, 0.08625221252441406, -2.759807586669922, 0.75, 0.7401923537254333]}, "Camera0026": {"frame": 26, "pose": [-0.04751468822360039, 0.0809943825006485, -0.9955813884735107, -0.9988705515861511, -0.0038529611192643642, 0.04735821112990379, -1.8720180605669157e-07, 0.9967070817947388, 0.08108597248792648, -2.7740635871887207, 0.6101049780845642, 0.7259363532066345]}, "Camera0027": {"frame": 27,