{"cameras": {"Camera0000": {"frame": 0, "pose": [-0.18208920158621636, 0.42074653136401896, -0.8887158595472688, -0.9832820158355777, -0.07791587906765143, 0.16457701274308542, 1.2981591623883977e-07, 0.9038260187305196, 0.4279001377257565, -2.700000047683716, 0.0, 1.7999999523162842]}, "Camera0001": {"frame": 1, "pose": [-0.19124782649002225, 0.41934210656659765, -0.8874550504240374, -0.9815417815166003, -0.0817066487797209, 0.17291545530231217, -2.4682839239176e-07, 0.9041439162022137, 0.42722801733320753, -2.700411081314087, 0.0523359552025795, 1.7999999523162842]}, "Camera0002": {"frame": 2, "pose": [-0.2002510802233941, 0.41779170258265586, -0.8861995250068968, -0.9797446120644716, -0.08539286741380317, 0.18113131514314862, 4.2003602374052194e-08, 0.9045209513593007, 0.42642918351358644, -2.701643466949463, 0.10452846437692642, 1.7999999523162842]}, "Camera0003": {"frame": 3, "pose": [-0.20904942290934955, 0.41610758785975777, -0.8849592160697587, -0.9779050765699405, -0.0889525238304614, 0.1891800986439374, -8.123863182163395e-08, 0.9049541003994209, 0.4255091963404178, -2.703693389892578, 0.15643446147441864, 1.7999999523162842]}, "Camera0004": {"frame": 4, "pose": [-0.21759282375939523, 0.4143053023611596, -0.8837445781920481, -0.9760396319045604, -0.09236276947134076, 0.19701714587109959, 1.5144335918648663e-07, 0.9054392498953269, 0.42447587063220094, -2.7065556049346924, 0.2079116851091385, 1.7999999523162842]}, "Camera0005": {"frame": 5, "pose": [-0.2258341484979219, 0.4124005375985446, -0.8825671271697411, -0.9741657648327713, -0.09560397013419823, 0.20459947097282755, 1.0554210838620293e-08, 0.9059722277658464, 0.4233371263154097, -2.7102222442626953, 0.258819043636322, 1.7999999523162842]}, "Camera0006": {"frame": 6, "pose": [-0.23373156907625237, 0.4104089706257588, -0.8814386141116455, -0.9723011640521434, -0.09865825743829391, 0.21188910925785284, -6.4897553997411705e-09, 0.9065489645182683, 0.4221006691902485, -2.7146830558776855, 0.30901700258255005, 1.7999999523162842]}, "Camera0007": {"frame": 7, "pose": [-0.2412431826730574, 0.4083491382340602, -0.8803707787729408, -0.9704646963253089, -0.10150957072317986, 0.21884716182263358, -9.895230412837464e-09, 0.9071641463126153, 0.4207769143440545, -2.719925880432129, 0.3583679497241974, 1.7999999523162842]}, "Camera0008": {"frame": 8, "pose": [-0.24833126462054234, 0.40623769443128394, -0.8793762099551686, -0.9686751689869744, -0.1041439360844861, 0.22543836755283495, -1.371327726928935e-07, 0.9078132936898342, 0.4193745626525242, -2.7259364128112793, 0.4067366421222687, 1.7999999523162842]}, "Camera0009": {"frame": 9, "pose": [-0.25496139190272193, 0.40409316806929374, -0.8784665048587499, -0.9669512338474089, -0.10654947215753746, 0.23163013910958077, 1.4332345088519105e-08, 0.9084910134407889, 0.41790438918169803, -2.7326979637145996, 0.45399048924446106, 1.7999999523162842]}, "Camera0010": {"frame": 10, "pose": [-0.26110248861331586, 0.4019321395713541, -0.8776537162341004, -0.9653110848011249, -0.10871683594821678, 0.2373924159308464, -9.343406759398918e-08, 0.9091926114751495, 0.416375786086306, -2.740192413330078, 0.5, 1.7999999523162842]}, "Camera0011": {"frame": 11, "pose": [-0.2667257159072344, 0.39977189946134845, -0.8769491552392527, -0.9637724796204618, -0.11063756337367776, 0.24269721279191114, 8.013521402006063e-09, 0.9099130496766167, 0.4147990381235219, -2.748398780822754, 0.5446390509605408, 1.7999999523162842]}, "Camera0012": {"frame": 12, "pose": [-0.27180577718870474, 0.39762928612651827, -0.8763632638930956, -0.9623521286342288, -0.11230591237826984, 0.24751921654298495, 1.1345026962317182e-07, 0.9106472054859663, 0.4131847857080259, -2.7572948932647705, 0.5877852439880371, 1.7999999523162842]}, "Camera0013": {"frame": 13, "pose": [-0.27632129287978036, 0.3955187441275306, -0.8759060829478396, -0.9610653167715363, -0.11371807467590007, 0.2518365668262515, -2.707132296109161e-07, 0.911390762810216, 0.4115420725322495, -2.7668561935424805, 0.6293203830718994, 1.7999999523162842]}, "Camera0014": {"frame": 14, "pose": [-0.2802511689812967, 0.3934556036744266, -0.8755866434692853, -0.9599267067253598, -0.11486945580186016, 0.2556281006446465, 1.474125923550668e-07, 0.9121390771483135, 0.40988084114654744, -2.7770564556121826, 0.6691306233406067, 1.7999999523162842]}, "Camera0015": {"frame": 15, "pose": [-0.2835784236664961, 0.3914530098895937, -0.8754129418047251, -0.958949048506133, -0.11575959107480806, 0.25887533571851773, 8.518828309433946e-08, 0.9128878672227881, 0.40821041372976, -2.787868022918701, 0.7071067690849304, 1.7999999523162842]}, "Camera0016": {"frame": 16, "pose": [-0.28628953854252304, 0.3895225622040226, -0.8753916115974166, -0.9581431522069521, -0.11638804062545353, 0.2615636134447851, -1.85565426136235e-07, 0.9136334043440952, 0.40653905404842033, -2.7992608547210693, 0.7431448101997375, 1.7999999523162842]}, "Camera0017": {"frame": 17, "pose": [-0.2883707410938236, 0.3876756583535922, -0.8755283545386225, -0.9575188330685391, -0.11675393206038062, 0.263678219933887, 2.494836337518765e-07, 0.9143719720488752, 0.4048751619096791, -2.811203956604004, 0.7771459817886353, 1.7999999523162842]}, "Camera0018": {"frame": 18, "pose": [-0.2898118386289477, 0.3859212893679216, -0.8758275267443412, -0.9570836422123767, -0.11685974687740636, 0.2652069029441726, 6.849879774506462e-09, 0.9151002994056714, 0.40322629133980153, -2.823664426803589, 0.80901700258255, 1.7999999523162842]}, "Camera0019": {"frame": 19, "pose": [-0.2906048013006889, 0.3842673244701975, -0.8762918879035131, -0.956843168685953, -0.11670651235338923, 0.2661404526060123, 1.0961541363485572e-07, 0.9158156000630391, 0.40159903720149015, -2.8366081714630127, 0.838670551776886, 1.7999999523162842]}, "Camera0020": {"frame": 20, "pose": [-0.2907420180189237, 0.38272050395584456, -0.8769230837479809, -0.9568014835681872, -0.1162967733105509, 0.2664694758490558, 7.004372193364361e-09, 0.916515180654057, 0.39999990453831513, -2.8499999046325684, 0.8660253882408142, 1.7999999523162842]}, "Camera0021": {"frame": 21, "pose": [-0.2902182126852395, 0.38128594651167447, -0.8777211493512513, -0.9569604950183488, -0.11563276710139968, 0.26618729148235143, 1.481393212543475e-07, 0.9171968655447804, 0.3984343231133684, -2.863802909851074, 0.8910065293312073, 1.7999999523162842]}}, "environment": {"name": "bunny_scene", "width": 0.024, "resolution_x": 640, "resolution_y": 480, "lens": 0.035, "max_depth": 20.0, "min_depth": 1.0}}