{"cameras": {"Camera0000": {"frame": 0, "pose": [-0.2216204947605344, 0.3258944978032902, -0.9190631820520487, -0.9751329941613265, -0.07406647589236909, 0.20887747807471144, 2.4980255375339507e-07, 0.9425003625731008, 0.3342051264560602, -2.200000047683716, 0.0, 1.2999999523162842]}, "Camera0001": {"frame": 1, "pose": [-0.32680938086644334, 0.30639581467477406, -0.8940454313554056, -0.9450902753587569, -0.10595078432633885, 0.3091582163277286, -3.112035074082086e-08, 0.9459894481707579, 0.32419741508775773, -2.201643466949463, 0.15679270029067993, 1.298356533050537]}, "Camera0002": {"frame": 2, "pose": [-0.41952246466567666, 0.2816724943097772, -0.8629377194155697, -0.9077449540707095, -0.13017750987148838, 0.39881438575209915, -4.06862845636624e-08, 0.9506389545316177, 0.3102991751955382, -2.2065556049346924, 0.31186753511428833, 1.293444275856018]}, "Camera0003": {"frame": 3, "pose": [-0.49820635126651897, 0.25480997331761984, -0.8287715662687614, -0.867058493734814, -0.14641235218131812, 0.4762068789623364, -1.3231634454768897e-07, 0.9558427175150771, 0.29387871541398664, -2.2146830558776855, 0.4635255038738251, 1.2853169441223145]}, "Camera0004": {"frame": 4, "pose": [-0.5631232560665648, 0.22823675408759594, -0.7942293009959708, -0.8263729173181922, -0.15552968895560382, 0.5412192876980582, -1.0266952443771497e-07, 0.9611027520181864, 0.27619105717430115, -2.2259364128112793, 0.6101049780845642, 1.2740635871887207]}, "Camera0005": {"frame": 5, "pose": [-0.6156112974407074, 0.20348942087311986, -0.7613243632355995, -0.7880499542943714, -0.15896238628698062, 0.5947337465476359, 8.814033236603779e-08, 0.9660864429949687, 0.2582188696848493, -2.240192413330078, 0.75, 1.2598075866699219]}, "Camera0006": {"frame": 6, "pose": [-0.657432061085676, 0.18132473234744642, -0.7313716062958466, -0.7535138253918165, -0.15820395050246272, 0.638113175689709, -1.7661201923146926e-07, 0.9706146771425525, 0.24063904196000194, -2.2572948932647705, 0.8816778659820557, 1.2427051067352295]}, "Camera0007": {"frame": 7, "pose": [-0.6903549105186166, 0.16195994547534934, -0.7051092635786702, -0.7234708684686844, -0.15454645532363714, 0.6728337800854431, -1.496533208467099e-08, 0.9746201153313638, 0.22386520674611068, -2.2770564556121826, 1.0036959648132324, 1.2229434251785278]}, "Camera0008": {"frame": 8, "pose": [-0.7159477763543235, 0.145296663711535, -0.6828672353009747, -0.6981538380136643, -0.14899943883511824, 0.7002716513565361, 2.9977513804623873e-07, 0.9781043128118375, 0.20811524033283377, -2.2992608547210693, 1.1147172451019287, 1.2007391452789307]}, "Camera0009": {"frame": 9, "pose": [-0.7355059032269188, 0.13108291914500386, -0.6647167326213316, -0.6775183143785435, -0.14230191731159347, 0.7216086875939768, 1.077291003070966e-07, 0.9811052097700169, 0.19347497864612778, -2.323664426803589, 1.2135255336761475, 1.1763355731964111]}, "Camera0010": {"frame": 10, "pose": [-0.7500510155017117, 0.11901430234478394, -0.6505836379607431, -0.6613799771272568, -0.13497049391681715, 0.7378072184703804, 1.6421436654923127e-08, 0.983676045052046, 0.17994843258768592, -2.3499999046325684, 1.299038052558899, 1.149999976158142]}}, "environment": {"name": "bunny_scene", "width": 0.024, "resolution_x": 640, "resolution_y": 480, "lens": 0.035, "max_depth": 20.0, "min_depth": 1.0}}