{
    "cam_parameters": {
        "lens": 35.0,
        "max_depth": 20.0,
        "min_depth": 1.0,
        "width": 24.0
    },
    "cameras": {
        "Camera0000": {
            "pose": [
                -2.200000047683716,
                0.0,
                1.2999999523162842,
                1.230034589767456,
                -2.498025821751071e-07,
                -1.7942723035812378
            ]
        },
        "Camera0001": {
            "pose": [
                -2.201643466949463,
                0.15679270029067993,
                1.298356533050537,
                1.2344074249267578,
                -1.679666539189384e-08,
                -1.8387421369552612
            ]
        },
        "Camera0002": {
            "pose": [
                -2.212292194366455,
                0.3347148299217224,
                1.3188430070877075,
                1.2239737510681152,
                -0.010419624857604504,
                -1.8598415851593018
            ]
        },
        "Camera0003": {
            "pose": [
                -2.223775625228882,
                0.48612478375434875,
                1.3101599216461182,
                1.232704758644104,
                -0.011082383804023266,
                -1.8990941047668457
            ]
        },
        "Camera0004": {
            "pose": [
                -2.2383365631103516,
                0.6323757767677307,
                1.2984355688095093,
                1.2429322004318237,
                -0.011669539846479893,
                -1.9346976280212402
            ]
        },
        "Camera0005": {
            "pose": [
                -2.255815267562866,
                0.7718653082847595,
                1.2837984561920166,
                1.2543187141418457,
                -0.012176072224974632,
                -1.9661812782287598
            ]
        },
        "Camera0006": {
            "pose": [
                -2.2760202884674072,
                0.9030652642250061,
                1.2664090394973755,
                1.2665444612503052,
                -0.012601952999830246,
                -1.9932289123535156
            ]
        }
    }
}
