{
    "cam_parameters": {
        "lens": 35.0,
        "max_depth": 20.0,
        "min_depth": 1.0,
        "width": 24.0
    },
    "cameras": {
        "Camera0000": {
            "pose": [
                -2.200000047683716,
                0.0,
                1.2999999523162842,
                1.230034589767456,
                -2.498025821751071e-07,
                -1.7942723035812378
            ]
        },
        "Camera0001": {
            "pose": [
                -2.20706844329834,
                0.15546098351478577,
                1.2972804307937622,
                1.2361958026885986,
                0.0021531430538743734,
                -1.8349887132644653
            ]
        },
        "Camera0002": {
            "pose": [
                -2.21852707862854,
                0.3119373023509979,
                1.293548583984375,
                1.2430684566497803,
                0.003917423076927662,
                -1.874862790107727
            ]
        },
        "Camera0003": {
            "pose": [
                -2.2350258827209473,
                0.4643504023551941,
                1.2880297899246216,
                1.251530647277832,
                0.005677420180290937,
                -1.9106955528259277
            ]
        },
        "Camera0004": {
            "pose": [
                -2.2568299770355225,
                0.6130783557891846,
                1.2807854413986206,
                1.2608076333999634,
                0.006887373514473438,
                -1.9432038068771362
            ]
        },
        "Camera0005": {
            "pose": [
                -2.282196521759033,
                0.7567077279090881,
                1.2742655277252197,
                1.2702125310897827,
                0.007394928485155106,
                -1.9711673259735107
            ]
        }
    }
}
