{
    "cam_parameters": {
        "lens": 35.0,
        "max_depth": 20.0,
        "min_depth": 1.0,
        "width": 24.0
    },
    "cameras": {
        "Camera0000": {
            "pose": [
                -2.200000047683716,
                0.0,
                1.2999999523162842,
                1.230034589767456,
                -2.498025821751071e-07,
                -1.7942723035812378
            ]
        },
        "Camera0001": {
            "pose": [
                -2.201643466949463,
                0.15679270029067993,
                1.298356533050537,
                1.2344074249267578,
                -1.679666539189384e-08,
                -1.8387421369552612
            ]
        },
        "Camera0002": {
            "pose": [
                -2.2108235359191895,
                0.3159257769584656,
                1.294344186782837,
                1.2465288639068604,
                -0.0017097805393859744,
                -1.8763195276260376
            ]
        },
        "Camera0003": {
            "pose": [
                -2.2267184257507324,
                0.45091331005096436,
                1.278898000717163,
                1.2480801343917847,
                0.002890990348532796,
                -1.9215037822723389
            ]
        },
        "Camera0004": {
            "pose": [
                -2.238377332687378,
                0.5975741147994995,
                1.271484136581421,
                1.2564023733139038,
                0.0018799005774781108,
                -1.9565404653549194
            ]
        },
        "Camera0005": {
            "pose": [
                -2.2532408237457275,
                0.7361857891082764,
                1.2552284002304077,
                1.2676118612289429,
                0.0031338047701865435,
                -1.9885507822036743
            ]
        },
        "Camera0006": {
            "pose": [
                -2.2533371448516846,
                0.8958945274353027,
                1.2554001808166504,
                1.2793349027633667,
                -0.008019573986530304,
                -2.0189409255981445
            ]
        }
    }
}
