{
    "cam_parameters": {
        "lens": 35.0,
        "max_depth": 20.0,
        "min_depth": 1.0,
        "width": 24.0
    },
    "cameras": {
        "Camera0000": {
            "pose": [
                -2.200000047683716,
                0.0,
                1.2999999523162842,
                1.230034589767456,
                -2.498025821751071e-07,
                -1.7942723035812378
            ]
        },
        "Camera0001": {
            "pose": [
                -2.2029812335968018,
                0.078413225710392,
                1.3023855686187744,
                1.2305034399032593,
                0.003136132610961795,
                -1.8094167709350586
            ]
        },
        "Camera0002": {
            "pose": [
                -2.210437297821045,
                0.15287958085536957,
                1.3036595582962036,
                1.2320636510849,
                0.006378702353686094,
                -1.8225603103637695
            ]
        },
        "Camera0003": {
            "pose": [
                -2.220614194869995,
                0.22980527579784393,
                1.306027889251709,
                1.2340959310531616,
                0.0094597851857543,
                -1.8355733156204224
            ]
        },
        "Camera0004": {
            "pose": [
                -2.2332370281219482,
                0.30608710646629333,
                1.307708740234375,
                1.2363226413726807,
                0.01223301887512207,
                -1.848164677619934
            ]
        },
        "Camera0005": {
            "pose": [
                -2.2484230995178223,
                0.38000398874282837,
                1.3058775663375854,
                1.2393765449523926,
                0.015564875677227974,
                -1.860268473625183
            ]
        },
        "Camera0006": {
            "pose": [
                -2.2690625190734863,
                0.45976248383522034,
                1.3096081018447876,
                1.241906762123108,
                0.01786782220005989,
                -1.8729676008224487
            ]
        },
        "Camera0007": {
            "pose": [
                -2.28808331489563,
                0.5372406244277954,
                1.311281442642212,
                1.2445188760757446,
                0.019752003252506256,
                -1.88495934009552
            ]
        },
        "Camera0008": {
            "pose": [
                -2.3108577728271484,
                0.613039493560791,
                1.3121510744094849,
                1.2475826740264893,
                0.021470386534929276,
                -1.8958837985992432
            ]
        },
        "Camera0009": {
            "pose": [
                -2.3345980644226074,
                0.6887075901031494,
                1.3124125003814697,
                1.2509171962738037,
                0.023157542571425438,
                -1.906612753868103
            ]
        },
        "Camera0010": {
            "pose": [
                -2.3588695526123047,
                0.7638475298881531,
                1.3125065565109253,
                1.2543026208877563,
                0.02445589378476143,
                -1.916746735572815
            ]
        },
        "Camera0011": {
            "pose": [
                -2.385984420776367,
                0.8365867733955383,
                1.3101285696029663,
                1.2585358619689941,
                0.026212599128484726,
                -1.9259127378463745
            ]
        },
        "Camera0012": {
            "pose": [
                -2.41261625289917,
                0.9080151915550232,
                1.3075400590896606,
                1.2627241611480713,
                0.02748248353600502,
                -1.9344459772109985
            ]
        },
        "Camera0013": {
            "pose": [
                -2.440425395965576,
                0.9769861102104187,
                1.304594874382019,
                1.2669144868850708,
                0.02848290279507637,
                -1.942015528678894
            ]
        },
        "Camera0014": {
            "pose": [
                -2.4685418605804443,
                1.044485092163086,
                1.3016294240951538,
                1.2710248231887817,
                0.029168518260121346,
                -1.9490001201629639
            ]
        },
        "Camera0015": {
            "pose": [
                -2.4965076446533203,
                1.1089812517166138,
                1.297959566116333,
                1.2751598358154297,
                0.02948291040956974,
                -1.9550281763076782
            ]
        },
        "Camera0016": {
            "pose": [
                -2.523838758468628,
                1.1718382835388184,
                1.2946746349334717,
                1.2790613174438477,
                0.02949448488652706,
                -1.960544228553772
            ]
        },
        "Camera0017": {
            "pose": [
                -2.552302837371826,
                1.2305399179458618,
                1.290111780166626,
                1.283186912536621,
                0.029514605179429054,
                -1.9647578001022339
            ]
        },
        "Camera0018": {
            "pose": [
                -2.580711841583252,
                1.2852931022644043,
                1.2844034433364868,
                1.2874577045440674,
                0.02941804938018322,
                -1.968036413192749
            ]
        },
        "Camera0019": {
            "pose": [
                -2.6118462085723877,
                1.3361854553222656,
                1.276345133781433,
                1.2925388813018799,
                0.02994340844452381,
                -1.969967246055603
            ]
        },
        "Camera0020": {
            "pose": [
                -2.642781972885132,
                1.3832907676696777,
                1.268250584602356,
                1.2973390817642212,
                0.03020724467933178,
                -1.9710839986801147
            ]
        }
    }
}
