{
    "cam_parameters": {
        "lens": 35.0,
        "max_depth": 20.0,
        "min_depth": 1.0,
        "width": 24.0
    },
    "cameras": {
        "Camera0000": {
            "pose": [
                -2.200000047683716,
                0.0,
                1.2999999523162842,
                1.230034589767456,
                -2.498025821751071e-07,
                -1.7942723035812378
            ]
        },
        "Camera0001": {
            "pose": [
                -2.2091617584228516,
                0.1763165444135666,
                1.3388994932174683,
                1.2117462158203125,
                -0.020341675728559494,
                -1.8116984367370605
            ]
        },
        "Camera0002": {
            "pose": [
                -2.225132942199707,
                0.32880207896232605,
                1.332794189453125,
                1.2191044092178345,
                -0.01937590353190899,
                -1.8506418466567993
            ]
        },
        "Camera0003": {
            "pose": [
                -2.2423174381256104,
                0.48236986994743347,
                1.3267346620559692,
                1.227769374847412,
                -0.01883733458817005,
                -1.8872915506362915
            ]
        }
    }
}
