{
    "cam_parameters": {
        "lens": 35.0,
        "max_depth": 20.0,
        "min_depth": 1.0,
        "width": 24.0
    },
    "cameras": {
        "Camera0000": {
            "pose": [
                -2.200000047683716,
                0.0,
                1.2999999523162842,
                1.230034589767456,
                -2.498025821751071e-07,
                -1.7942723035812378
            ]
        },
        "Camera0001": {
            "pose": [
                -2.2082226276397705,
                0.1561795175075531,
                1.2969735860824585,
                1.2362321615219116,
                0.00172858452424407,
                -1.8354382514953613
            ]
        },
        "Camera0002": {
            "pose": [
                -2.2219033241271973,
                0.3120103180408478,
                1.2944045066833496,
                1.2433110475540161,
                0.0032941277604550123,
                -1.8744004964828491
            ]
        },
        "Camera0003": {
            "pose": [
                -2.241424560546875,
                0.46491214632987976,
                1.2893571853637695,
                1.251490831375122,
                0.004610020201653242,
                -1.9104870557785034
            ]
        },
        "Camera0004": {
            "pose": [
                -2.2645089626312256,
                0.6124049425125122,
                1.2828675508499146,
                1.260880470275879,
                0.005677353125065565,
                -1.9415614604949951
            ]
        },
        "Camera0005": {
            "pose": [
                -2.2941105365753174,
                0.7545526027679443,
                1.2763359546661377,
                1.2708344459533691,
                0.0062893773429095745,
                -1.9677485227584839
            ]
        }
    }
}
