{
    "cam_parameters": {
        "lens": 35.0,
        "max_depth": 20.0,
        "min_depth": 1.0,
        "width": 24.0
    },
    "cameras": {
        "Camera0000": {
            "pose": [
                -2.200000047683716,
                0.0,
                1.2999999523162842,
                1.230034589767456,
                -2.498025821751071e-07,
                -1.7942723035812378
            ]
        },
        "Camera0001": {
            "pose": [
                -2.208416223526001,
                0.15650023519992828,
                1.2981677055358887,
                1.2361234426498413,
                0.0016776184784248471,
                -1.8351513147354126
            ]
        },
        "Camera0002": {
            "pose": [
                -2.222165107727051,
                0.31163549423217773,
                1.2947161197662354,
                1.2433035373687744,
                0.003203132189810276,
                -1.8739107847213745
            ]
        },
        "Camera0003": {
            "pose": [
                -2.2412428855895996,
                0.4647490084171295,
                1.2900673151016235,
                1.2515649795532227,
                0.004421123769134283,
                -1.9096975326538086
            ]
        },
        "Camera0004": {
            "pose": [
                -2.263296127319336,
                0.6130434274673462,
                1.283156156539917,
                1.2607113122940063,
                0.005058086011558771,
                -1.9416455030441284
            ]
        },
        "Camera0005": {
            "pose": [
                -2.2907230854034424,
                0.7561988234519958,
                1.2756937742233276,
                1.2704569101333618,
                0.005483751650899649,
                -1.9692155122756958
            ]
        }
    }
}
