{
    "cam_parameters": {
        "lens": 35.0,
        "max_depth": 20.0,
        "min_depth": 1.0,
        "width": 24.0
    },
    "cameras": {
        "Camera0000": {
            "pose": [
                -2.193760395050049,
                -0.013012437149882317,
                1.2993731498718262,
                1.230034589767456,
                -2.498025821751071e-07,
                -1.7942723035812378
            ]
        },
        "Camera0001": {
            "pose": [
                -2.1985254287719727,
                0.13520094752311707,
                1.2768160104751587,
                1.2344074249267578,
                -1.679666539189384e-08,
                -1.8387421369552612
            ]
        },
        "Camera0002": {
            "pose": [
                -2.185796022415161,
                0.303138792514801,
                1.286698818206787,
                1.2416057586669922,
                0.0006174098234623671,
                -1.8842843770980835
            ]
        },
        "Camera0003": {
            "pose": [
                -2.2053182125091553,
                0.45581480860710144,
                1.2769291400909424,
                1.2526140213012695,
                0.00024714836035855114,
                -1.9210240840911865
            ]
        },
        "Camera0004": {
            "pose": [
                -2.2181308269500732,
                0.6044549345970154,
                1.2609723806381226,
                1.2642544507980347,
                -0.0003139898180961609,
                -1.9567852020263672
            ]
        },
        "Camera0005": {
            "pose": [
                -2.2318923473358154,
                0.7521435618400574,
                1.2415205240249634,
                1.277392864227295,
                -0.0005288052489049733,
                -1.9907656908035278
            ]
        }
    }
}
