{
    "cam_parameters": {
        "lens": 35.0,
        "max_depth": 20.0,
        "min_depth": 1.0,
        "width": 24.0
    },
    "cameras": {
        "Camera0000": {
            "pose": [
                -2.200000047683716,
                0.0,
                1.2999999523162842,
                1.230034589767456,
                -2.498025821751071e-07,
                -1.7942723035812378
            ]
        },
        "Camera0001": {
            "pose": [
                -2.2089719772338867,
                0.1540839523077011,
                1.298474669456482,
                1.2351014614105225,
                0.0014073665952309966,
                -1.8350383043289185
            ]
        },
        "Camera0002": {
            "pose": [
                -2.2216038703918457,
                0.3095875382423401,
                1.2967718839645386,
                1.2417348623275757,
                0.002372510964050889,
                -1.8736188411712646
            ]
        },
        "Camera0003": {
            "pose": [
                -2.2406821250915527,
                0.46280813217163086,
                1.290877103805542,
                1.2502660751342773,
                0.0037403577007353306,
                -1.9098116159439087
            ]
        },
        "Camera0004": {
            "pose": [
                -2.2618651390075684,
                0.612814724445343,
                1.2823950052261353,
                1.259634017944336,
                0.004239446483552456,
                -1.943147897720337
            ]
        },
        "Camera0005": {
            "pose": [
                -2.2844583988189697,
                0.7579641938209534,
                1.271729826927185,
                1.2696276903152466,
                0.004172853659838438,
                -1.973110556602478
            ]
        }
    }
}
