{
    "cam_parameters": {
        "lens": 35.0,
        "max_depth": 20.0,
        "min_depth": 1.0,
        "width": 24.0
    },
    "cameras": {
        "Camera0000": {
            "pose": [
                -2.200000047683716,
                0.0,
                1.2999999523162842,
                1.230034589767456,
                -2.498025821751071e-07,
                -1.7942723035812378
            ]
        },
        "Camera0001": {
            "pose": [
                -2.2070672512054443,
                0.15546567738056183,
                1.297285795211792,
                1.2361928224563599,
                0.0021513388492166996,
                -1.8349922895431519
            ]
        },
        "Camera0002": {
            "pose": [
                -2.2186272144317627,
                0.3119111657142639,
                1.2935421466827393,
                1.2430760860443115,
                0.003907713107764721,
                -1.8748430013656616
            ]
        },
        "Camera0003": {
            "pose": [
                -2.235020399093628,
                0.46447187662124634,
                1.288072109222412,
                1.2515124082565308,
                0.00565062090754509,
                -1.9107378721237183
            ]
        },
        "Camera0004": {
            "pose": [
                -2.2571001052856445,
                0.6128646731376648,
                1.280741572380066,
                1.2608050107955933,
                0.006906948518007994,
                -1.9431297779083252
            ]
        },
        "Camera0005": {
            "pose": [
                -2.282212257385254,
                0.7559898495674133,
                1.2740039825439453,
                1.2702267169952393,
                0.007506863679736853,
                -1.9709783792495728
            ]
        }
    }
}
