{
    "cam_parameters": {
        "lens": 35.0,
        "max_depth": 20.0,
        "min_depth": 1.0,
        "width": 24.0
    },
    "cameras": {
        "Camera0000": {
            "pose": [
                -2.200000047683716,
                0.0,
                1.2999999523162842,
                1.230034589767456,
                -2.498025821751071e-07,
                -1.7942723035812378
            ]
        },
        "Camera0001": {
            "pose": [
                -2.2045702934265137,
                0.1573628932237625,
                1.2966219186782837,
                1.2360482215881348,
                0.0016450737603008747,
                -1.835929274559021
            ]
        },
        "Camera0002": {
            "pose": [
                -2.2128007411956787,
                0.3145856261253357,
                1.2932463884353638,
                1.2424440383911133,
                0.002764751436188817,
                -1.8762575387954712
            ]
        },
        "Camera0003": {
            "pose": [
                -2.2274599075317383,
                0.4694795608520508,
                1.2867865562438965,
                1.2508398294448853,
                0.0043749623000621796,
                -1.9138790369033813
            ]
        },
        "Camera0004": {
            "pose": [
                -2.243760824203491,
                0.6197989583015442,
                1.2775323390960693,
                1.2600558996200562,
                0.004864088259637356,
                -1.9481655359268188
            ]
        },
        "Camera0005": {
            "pose": [
                -2.263540029525757,
                0.763681173324585,
                1.2646963596343994,
                1.2707033157348633,
                0.00553140277042985,
                -1.9784696102142334
            ]
        }
    }
}
