{"cameras": {"Camera0000": {"frame": 0, "pose": [-0.169906884431839, 0.42335519194602966, -0.8898887634277344, -0.985460102558136, -0.07299217581748962, 0.15342912077903748, 9.833338765474764e-08, 0.9030185341835022, 0.4296015501022339, -2.9000000953674316, 0.0, 1.899999976158142]}, "Camera0001": {"frame": 1, "pose": [-0.11073366552591324, 0.4389253556728363, -0.8916740417480469, -0.9893604516983032, 0.03649988770484924, 0.14083199203014374, 0.09436073154211044, 0.8977818489074707, 0.43021360039711, -2.900547742843628, 0.010452846065163612, 1.8994522094726562]}, "Camera0002": {"frame": 2, "pose": [-0.0503060445189476, 0.44620513916015625, -0.8935157060623169, -0.9809423685073853, 0.14603973925113678, 0.1281578093767166, 0.18767347931861877, 0.8829345107078552, 0.43035486340522766, -2.9021852016448975, 0.02079116925597191, 1.8978147506713867]}, "Camera0003": {"frame": 3, "pose": [0.01020178571343422, 0.44513294100761414, -0.8954063653945923, -0.9602411985397339, 0.2541922628879547, 0.11542600393295288, 0.27898529171943665, 0.858628511428833, 0.43002820014953613, -2.9048943519592285, 0.030901700258255005, 1.8951056003570557]}, "Camera0004": {"frame": 4, "pose": [0.06962084025144577, 0.4358217418193817, -0.8973362445831299, -0.9274693131446838, 0.35952994227409363, 0.10265912860631943, 0.36736032366752625, 0.8251046538352966, 0.4292420446872711, -2.9086453914642334, 0.04067366570234299, 1.8913545608520508]}, "Camera0005": {"frame": 5, "pose": [0.1268179714679718, 0.41855475306510925, -0.8992936611175537, -0.8830147385597229, 0.4606587290763855, 0.08988028019666672, 0.451887309551239, 0.7826911807060242, 0.42800983786582947, -2.9133975505828857, 0.05000000074505806, 1.886602520942688]}, "Camera0006": {"frame": 6, "pose": [0.1807217299938202, 0.3937774896621704, -0.9012652039527893, -0.8274356126785278, 0.5562407970428467, 0.07711327821016312, 0.5316859483718872, 0.7318028807640076, 0.42635032534599304, -2.919098377227783, 0.05877852439880371, 1.8809016942977905]}, "Camera0007": {"frame": 7, "pose": [0.230347141623497, 0.36208420991897583, -0.9032359719276428, -0.7614496350288391, 0.6450187563896179, 0.06438335031270981, 0.6059163212776184, 0.6729382276535034, 0.4242871105670929, -2.925685405731201, 0.06691306084394455, 1.8743144273757935]}, "Camera0008": {"frame": 8, "pose": [0.2748161852359772, 0.3242010772228241, -0.9051904082298279, -0.6859229207038879, 0.7258341312408447, 0.051716748625040054, 0.6737847328186035, 0.6066782474517822, 0.4218479096889496, -2.93308687210083, 0.07431448251008987, 1.866913080215454]}, "Camera0009": {"frame": 9, "pose": [0.3133770525455475, 0.2809674143791199, -0.9071120023727417, -0.6018539071083069, 0.7976464629173279, 0.03914119303226471, 0.7345520257949829, 0.5336829423904419, 0.4190654158592224, -2.9412214756011963, 0.08090169727802277, 1.858778476715088]}, "Camera0010": {"frame": 10, "pose": [0.3454183340072632, 0.23331104218959808, -0.9089841246604919, -0.5103556513786316, 0.859549343585968, 0.02668490633368492, 0.7875425815582275, 0.4546877145767212, 0.4159756898880005, -2.950000047683716, 0.08660253882408142, 1.850000023841858]}, "Camera0011": {"frame": 11, "pose": [0.37047892808914185, 0.18222539126873016, -0.9107904434204102, -0.41263553500175476, 0.9107827544212341, 0.014377588406205177, 0.8321521878242493, 0.3704979121685028, 0.412618488073349, -2.9593262672424316, 0.09135454893112183, 1.8406736850738525]}, "Camera0012": {"frame": 12, "pose": [0.38825318217277527, 0.12874369323253632, -0.9125155210494995, -0.3099755346775055, 0.9507418870925903, 0.0022498706821352243, 0.8678563237190247, 0.2819839417934418, 0.40903595089912415, -2.9690983295440674, 0.09510564804077148, 1.8309017419815063]}, "Camera0013": {"frame": 13, "pose": [0.3985934555530548, 0.07391268759965897, -0.9141445159912109, -0.20370784401893616, 0.978983998298645, -0.009667263366281986, 0.8942182660102844, 0.1900717169046402, 0.4052732288837433, -2.9792089462280273, 0.09781476110219955, 1.8207911252975464]}, "Camera0014": {"frame": 14, "pose": [0.4015054702758789, 0.01877053640782833, -0.9156642556190491, -0.09519874304533005, 0.9952294826507568, -0.02134169265627861, 0.9108954668045044, 0.09573889523744583, 0.40137702226638794, -2.9895472526550293, 0.0994521901011467, 1.8104528188705444]}, "Camera0015": {"frame": 15, "pose": [0.39714136719703674, -0.03567939251661301, -0.9170636534690857, 0.014178740791976452, 0.9993633031845093, -0.03274114057421684, 0.9176478981971741, 5.341843944961511e-08, 0.3973943889141083, -3.0, 0.10000000149011612, 1.7999999523162842]}, "Camera0016": {"frame": 16, "pose": [0.3857905864715576, -0.08848816901445389, -0.9183329939842224, 0.12306224554777145, 0.9914304614067078, -0.04383334517478943, 0.9143419861793518, -0.09610162675380707, 0.39337408542633057, -3.0104527473449707, 0.0994521901011467, 1.7895472049713135]}, "Camera0017": {"frame": 17, "pose": [0.3678648769855499, -0.13877739012241364, -0.919465184211731, 0.23011641204357147, 0.9716311097145081, -0.054584652185440063, 0.9009560942649841, -0.19150425493717194, 0.3893639147281647, -3.0207910537719727, 0.09781476110219955, 1.779208779335022]}, "Camera0018": {"frame": 18, "pose": [0.3438843786716461, -0.18575981259346008, -0.9204546809196472, 0.33405619859695435, 0.9403117895126343, -0.0649629458785057, 0.8775818943977356, -0.2851438522338867, 0.3854127526283264, -3.0309016704559326, 0.09510564804077148, 1.7690982818603516]}, "Camera0019": {"frame": 19, "pose": [0.3144568204879761, -0.22874541580677032, -0.9212993383407593, 0.43365639448165894, 0.8979570865631104, -0.07493476569652557, 0.8444282412528992, -0.37596359848976135, 0.381565660238266, -3.0406737327575684, 0.09135454893112183, 1.7593263387680054]}, "Camera0020": {"frame": 20, "pose": [0.28026285767555237, -0.26715514063835144, -0.9219983220100403, 0.5277696251869202, 0.8451771140098572, -0.084467813372612, 0.8018178939819336, -0.46292951703071594, 0.3778681457042694, -3.049999952316284, 0.08660253882408142, 1.75]}, "Camera0021": {"frame": 21, "pose": [0.2420341521501541, -0.3005240261554718, -0.9225534200668335, 0.6153363585472107, 0.7826961874961853, -0.09353018552064896, 0.75018709897995, -0.5450431108474731, 0.3743625581264496, -3.0587785243988037, 0.08090169727802277, 1.7412214279174805]}, "Camera0022": {"frame": 22, "pose": [0.20053789019584656, -0.32850342988967896, -0.9229680895805359, 0.6953931450843811, 0.7113410830497742, -0.10208944231271744, 0.6900818347930908, -0.6213528513908386, 0.3710898756980896, -3.06691312789917, 0.07431448251008987, 1.7330869436264038]}, "Camera0023": {"frame": 23, "pose": [0.15655449032783508, -0.3508603572845459, -0.9232484698295593, 0.7670838832855225, 0.6320262551307678, -0.1101139560341835, 0.6221519112586975, -0.6909701824188232, 0.3680858910083771, -3.074314594268799, 0.06691306084394455, 1.725685477256775]}, "Camera0024": {"frame": 24, "pose": [0.11086441576480865, -0.36747655272483826, -0.9234013557434082, 0.8296644687652588, 0.5457412600517273, -0.11757275462150574, 0.5471433997154236, -0.7530786991119385, 0.3653855323791504, -3.080901622772217, 0.05877852439880371, 1.7190983295440674]}, "Camera0025": {"frame": 25, "pose": [0.06423025578260422, -0.37833988666534424, -0.923435628414154, 0.8825078010559082, 0.4535372257232666, -0.12443477660417557, 0.4658910632133484, -0.8069466948509216, 0.3630186915397644, -3.0866024494171143, 0.05000000074505806, 1.71339750289917]}, "Camera0026": {"frame": 26, "pose": [0.017382891848683357, -0.38353878259658813, -0.9233611822128296, 0.9251077175140381, 0.3565124571323395, -0.13066968321800232, 0.3793066442012787, -0.8519371151924133, 0.36101189255714417, -3.0913546085357666, 0.04067366570234299, 1.7086454629898071]}, "Camera0027": {"frame": 27, "pose": [-0.02898930199444294, -0.38325291872024536, -0.9231883883476257, 0.9570797681808472, 0.2558024823665619, -0.13624751567840576, 0.28837114572525024, -0.8875146508216858, 0.3593880832195282, -3.0951056480407715, 0.030901700258255005, 1.7048943042755127]},